id,Predicted
1,3
2,4.666666667
3,5
4,6
5,6.785714286
6,8
